City_ID,City,Lat,Lng,Max Temp,Humidity,Cloudiness,Wind Speed,Country,Date
0,Bac Lieu,9.285,105.7244,86.38,66,79,10.2,VN,2022-04-16 03:47:45
1,Sobolevo,54.4299,31.8996,35.08,84,100,14.61,RU,2022-04-16 03:47:46
2,Busselton,-33.65,115.3333,72.66,52,65,12.93,AU,2022-04-16 03:47:46
3,Vaini,-21.2,-175.2,84.36,65,75,8.05,TO,2022-04-16 03:47:47
4,Bani Walid,31.7566,13.9942,58.86,79,77,12.75,LY,2022-04-16 03:47:47
5,Butaritari,3.0707,172.7902,81.81,73,55,10.67,KI,2022-04-16 03:47:47
6,Manono,-7.3,27.4167,68.34,99,100,2.48,CD,2022-04-16 03:47:48
7,Vila Franca Do Campo,37.7167,-25.4333,55.81,88,17,3.06,PT,2022-04-16 03:47:48
8,Avarua,-21.2078,-159.775,82.45,78,27,1.14,CK,2022-04-16 03:47:48
9,Sambava,-14.2667,50.1667,77.94,86,55,9.48,MG,2022-04-16 03:47:49
10,Ulaanbaatar,47.9077,106.8832,42.93,31,20,6.71,MN,2022-04-16 03:47:49
11,Bluff,-46.6,168.3333,54.81,66,31,30.33,NZ,2022-04-16 03:47:50
12,Jamestown,42.097,-79.2353,49.59,69,100,6.91,US,2022-04-16 03:44:31
13,Flinders,-34.5833,150.8552,74.48,66,52,4.83,AU,2022-04-16 03:47:50
14,Bathsheba,13.2167,-59.5167,79.41,78,40,24.16,BB,2022-04-16 03:47:51
15,Hermanus,-34.4187,19.2345,56.8,64,53,15.99,ZA,2022-04-16 03:47:51
16,Buzmeyin,38.0507,58.2056,60.53,59,75,11.5,TM,2022-04-16 03:47:51
17,Toccoa,34.5773,-83.3324,60.21,63,0,0.0,US,2022-04-16 03:47:52
18,Upernavik,72.7868,-56.1549,-18.38,98,32,6.2,GL,2022-04-16 03:47:52
19,Kapaa,22.0752,-159.319,80.58,84,75,19.57,US,2022-04-16 03:47:53
20,Russell,32.3502,-85.1999,67.23,84,0,0.0,US,2022-04-16 03:45:29
21,Saskylakh,71.9167,114.0833,6.87,89,41,10.83,RU,2022-04-16 03:47:53
22,Hobart,-42.8794,147.3294,68.22,61,75,8.05,AU,2022-04-16 03:47:54
23,Cape Town,-33.9258,18.4232,58.91,68,0,15.99,ZA,2022-04-16 03:47:22
24,Rikitea,-23.1203,-134.9692,77.76,71,1,14.12,PF,2022-04-16 03:47:54
25,Saldanha,-33.0117,17.9442,53.65,62,1,14.03,ZA,2022-04-16 03:47:54
26,Hilo,19.7297,-155.09,78.28,90,75,8.05,US,2022-04-16 03:47:31
27,Ouadda,8.0777,22.4007,67.96,96,89,3.8,CF,2022-04-16 03:47:55
28,Ushuaia,-54.8,-68.3,42.46,70,75,31.07,AR,2022-04-16 03:44:31
29,Asau,46.4333,26.4,43.95,98,98,1.39,RO,2022-04-16 03:47:55
30,Bimbo,4.2567,18.4158,73.33,94,87,0.0,CF,2022-04-16 03:47:56
31,Mataura,-46.1927,168.8643,54.48,60,27,12.37,NZ,2022-04-16 03:47:56
32,Tecoanapa,16.5167,-98.75,80.42,68,100,4.07,MX,2022-04-16 03:47:57
33,Saint-Philippe,-21.3585,55.7679,75.22,85,51,15.01,RE,2022-04-16 03:46:50
34,Kushima,31.4583,131.2333,66.9,44,95,7.23,JP,2022-04-16 03:47:57
35,Bethel,41.3712,-73.414,58.64,45,9,8.99,US,2022-04-16 03:47:58
36,Dawei,14.0833,98.2,92.37,52,15,7.2,MM,2022-04-16 03:47:58
37,Arraial Do Cabo,-22.9661,-42.0278,71.22,72,3,21.99,BR,2022-04-16 03:45:42
38,Yellowknife,62.456,-114.3525,16.32,53,75,5.75,CA,2022-04-16 03:47:58
39,Chokurdakh,70.6333,147.9167,11.95,87,100,5.68,RU,2022-04-16 03:45:58
40,Barrow,71.2906,-156.7887,6.82,72,0,25.32,US,2022-04-16 03:44:40
41,Faya,18.3851,42.4509,64.92,38,21,4.23,SA,2022-04-16 03:47:59
42,Taksimo,56.3444,114.8794,31.57,49,94,2.95,RU,2022-04-16 03:47:59
43,Hobyo,5.3505,48.5268,82.65,73,51,7.36,SO,2022-04-16 03:48:00
44,Lumeje,-11.55,20.7833,64.15,97,98,2.55,AO,2022-04-16 03:48:00
45,East London,-33.0153,27.9116,58.14,77,0,5.75,ZA,2022-04-16 03:48:01
46,Torbay,47.6666,-52.7314,36.39,81,100,13.8,CA,2022-04-16 03:43:10
47,Narsaq,60.9167,-46.05,30.42,76,61,2.75,GL,2022-04-16 03:48:01
48,Alice Springs,-23.7,133.8833,94.55,16,29,10.36,AU,2022-04-16 03:48:01
49,Chuy,-33.6971,-53.4616,59.49,71,67,6.11,UY,2022-04-16 03:48:02
50,Saint Anthony,45.0205,-93.218,30.09,66,100,19.57,US,2022-04-16 03:48:02
51,Sakakah,29.9697,40.2064,65.77,23,39,2.93,SA,2022-04-16 03:48:03
52,Port Augusta,-32.5,137.7667,88.16,21,0,4.23,AU,2022-04-16 03:48:03
53,Makakilo City,21.3469,-158.0858,74.68,68,75,16.11,US,2022-04-16 03:48:03
54,Castro,-24.7911,-50.0119,47.43,95,0,4.65,BR,2022-04-16 03:43:09
55,Ribeira Grande,38.5167,-28.7,59.74,71,100,4.7,PT,2022-04-16 03:48:04
56,Korostyshiv,50.3172,29.0563,47.59,93,100,6.24,UA,2022-04-16 03:48:04
57,Vardo,70.3705,31.1107,36.0,91,100,19.55,NO,2022-04-16 03:48:05
58,George,-33.963,22.4617,49.55,87,0,2.3,ZA,2022-04-16 03:47:56
59,Thompson,55.7435,-97.8558,19.56,53,75,6.91,CA,2022-04-16 03:45:47
60,Punta Arenas,-53.15,-70.9167,44.71,70,0,13.8,CL,2022-04-16 03:48:05
61,Egvekinot,66.3167,-179.1667,15.96,85,100,12.62,RU,2022-04-16 03:48:06
62,Hermiston,45.8404,-119.2895,47.39,53,0,6.91,US,2022-04-16 03:46:22
63,Bredasdorp,-34.5322,20.0403,58.19,64,99,11.56,ZA,2022-04-16 03:48:06
64,Madang,-5.2246,145.7966,85.87,65,79,6.87,PG,2022-04-16 03:48:07
65,Lagoa,39.05,-27.9833,58.66,70,100,8.75,PT,2022-04-16 03:48:07
66,Albany,42.6001,-73.9662,58.26,38,78,13.42,US,2022-04-16 03:48:08
67,Airai,-8.9266,125.4092,71.83,75,55,1.59,TL,2022-04-16 03:48:08
68,Pisco,-13.7,-76.2167,65.01,82,0,10.36,PE,2022-04-16 03:48:08
69,Sao Filipe,14.8961,-24.4956,70.48,76,7,7.34,CV,2022-04-16 03:48:09
70,Norman Wells,65.282,-126.8329,12.24,48,20,10.36,CA,2022-04-16 03:48:09
71,Nanortalik,60.1432,-45.2371,27.34,80,91,7.34,GL,2022-04-16 03:44:23
72,Khatanga,71.9667,102.5,21.22,93,100,9.98,RU,2022-04-16 03:43:19
73,Lata,40.1629,-8.3327,51.4,91,100,2.64,PT,2022-04-16 03:48:10
74,Port Blair,11.6667,92.75,89.64,58,20,4.61,IN,2022-04-16 03:48:10
75,Tucuman,-26.8241,-65.2226,60.8,94,0,2.3,AR,2022-04-16 03:48:11
76,Nekrasovskoye,57.6766,40.3657,35.49,64,0,4.47,RU,2022-04-16 03:48:11
77,Hovd,48.0056,91.6419,43.5,17,0,1.12,MN,2022-04-16 03:48:12
78,Souillac,-20.5167,57.5167,77.38,83,75,19.57,MU,2022-04-16 03:48:12
79,Kaitangata,-46.2817,169.8464,55.24,57,6,19.98,NZ,2022-04-16 03:48:12
80,Port Alfred,-33.5906,26.891,60.19,69,80,5.1,ZA,2022-04-16 03:48:13
81,Kodinsk,58.6881,99.1844,46.78,71,100,5.21,RU,2022-04-16 03:47:03
82,New Norfolk,-42.7826,147.0587,66.88,50,96,1.01,AU,2022-04-16 03:43:52
83,Lorengau,-2.0226,147.2712,84.07,73,30,5.35,PG,2022-04-16 03:44:02
84,Divnogorsk,55.9594,92.3619,61.29,69,93,6.15,RU,2022-04-16 03:48:14
85,Stornoway,58.2093,-6.3865,49.96,94,100,10.36,GB,2022-04-16 03:48:14
86,Faanui,-16.4833,-151.75,82.47,69,2,14.83,PF,2022-04-16 03:48:15
87,Lebu,-37.6167,-73.65,51.58,92,8,11.79,CL,2022-04-16 03:48:15
88,Severo-Kurilsk,50.6789,156.125,32.58,80,100,4.52,RU,2022-04-16 03:48:15
89,Provideniya,64.3833,-173.3,32.65,95,100,22.1,RU,2022-04-16 03:48:16
90,Tiksi,71.6872,128.8694,3.0,91,98,3.47,RU,2022-04-16 03:48:16
91,Half Moon Bay,37.4636,-122.4286,58.28,71,0,8.05,US,2022-04-16 03:48:17
92,Port Elizabeth,-33.918,25.5701,52.09,87,0,4.61,ZA,2022-04-16 03:48:17
93,Mahanoro,-19.9,48.8,75.63,88,83,3.42,MG,2022-04-16 03:48:18
94,Tianpeng,30.9866,103.9393,52.27,80,100,0.63,CN,2022-04-16 03:48:18
95,Blythe,33.6103,-114.5964,82.85,12,0,13.8,US,2022-04-16 03:48:18
96,Sitka,57.0531,-135.33,44.49,57,75,13.8,US,2022-04-16 03:48:19
97,Drayton Valley,53.2168,-114.9854,24.49,70,100,6.87,CA,2022-04-16 03:45:18
98,Magan,39.9683,-3.931,57.52,61,0,2.98,ES,2022-04-16 03:48:19
99,Lima,-12.0432,-77.0282,62.85,82,0,14.97,PE,2022-04-16 03:47:27
100,Northglenn,39.8855,-104.9872,47.84,36,0,3.44,US,2022-04-16 03:48:20
101,Altay,47.8667,88.1167,48.02,33,1,1.81,CN,2022-04-16 03:48:20
102,Tuktoyaktuk,69.4541,-133.0374,-5.8,71,20,4.61,CA,2022-04-16 03:48:20
103,Richards Bay,-28.783,32.0377,68.52,88,100,12.95,ZA,2022-04-16 03:48:21
104,Fort-Shevchenko,44.5086,50.263,51.22,80,99,5.95,KZ,2022-04-16 03:48:21
105,Tres Arroyos,-38.3739,-60.2798,51.35,66,1,9.15,AR,2022-04-16 03:48:21
106,Biak,-0.9131,122.8766,83.21,72,98,3.76,ID,2022-04-16 03:48:22
107,Esperance,-33.8667,121.9,75.04,55,63,8.7,AU,2022-04-16 03:44:25
108,Nikolskoye,59.7035,30.7861,33.8,89,61,10.02,RU,2022-04-16 03:48:22
109,Platanos,37.6667,21.6167,57.56,48,100,3.91,GR,2022-04-16 03:48:23
110,Mecca,21.4267,39.8261,82.69,30,0,2.06,SA,2022-04-16 03:48:04
111,San Pedro,14.35,121.0167,89.31,63,20,6.91,PH,2022-04-16 03:48:23
112,Davila,18.4726,120.5763,87.78,68,70,22.97,PH,2022-04-16 03:48:24
113,Vanimo,-2.6741,141.3028,84.27,73,57,5.93,PG,2022-04-16 03:48:24
114,Velingara,13.15,-14.1167,76.64,43,57,5.64,SN,2022-04-16 03:48:24
115,Xacmaz,41.4635,48.806,53.78,54,6,0.81,AZ,2022-04-16 03:48:25
116,Puerto Ayora,-0.7393,-90.3518,75.38,91,60,6.58,EC,2022-04-16 03:48:25
117,Mets Masrik,40.2183,45.7681,34.72,72,95,7.09,AM,2022-04-16 03:48:25
118,Dikson,73.5069,80.5464,16.72,91,100,9.28,RU,2022-04-16 03:48:26
119,Taoudenni,22.6783,-3.9836,72.36,21,0,11.27,ML,2022-04-16 03:48:26
120,San Andres,12.5847,-81.7006,80.62,78,40,13.8,CO,2022-04-16 03:48:26
121,Georgetown,5.4112,100.3354,87.75,74,20,6.91,MY,2022-04-16 03:46:06
122,Qaanaaq,77.484,-69.3632,-9.02,98,100,2.01,GL,2022-04-16 03:48:27
123,Presidencia Roque Saenz Pena,-26.7852,-60.4388,54.86,79,39,4.23,AR,2022-04-16 03:48:27
124,Touros,-5.1989,-35.4608,77.95,88,85,7.61,BR,2022-04-16 03:48:27
125,Challans,46.8436,-1.8749,52.0,91,0,7.43,FR,2022-04-16 03:43:57
126,Mahebourg,-20.4081,57.7,77.29,83,75,19.57,MU,2022-04-16 03:48:28
127,Ponta Do Sol,32.6667,-17.1,66.7,56,96,4.99,PT,2022-04-16 03:48:28
128,Kendari,-3.945,122.4989,89.58,59,71,2.28,ID,2022-04-16 03:48:29
129,Rocha,-34.4833,-54.3333,53.89,85,3,1.21,UY,2022-04-16 03:48:29
130,Aasiaat,68.7098,-52.8699,-10.14,99,21,6.53,GL,2022-04-16 03:48:30
131,Ituiutaba,-18.9689,-49.465,61.97,84,0,6.93,BR,2022-04-16 03:48:30
132,Belyy Yar,53.6039,91.3903,55.29,33,0,2.24,RU,2022-04-16 03:48:30
133,Corn Island,12.1694,-83.0418,82.89,65,99,15.37,NI,2022-04-16 03:48:31
134,Saint George,37.1041,-113.5841,70.39,25,0,3.44,US,2022-04-16 03:48:31
135,Kahului,20.8947,-156.47,78.82,72,75,19.57,US,2022-04-16 03:48:31
136,Aklavik,68.2191,-135.0107,0.5,92,97,5.79,CA,2022-04-16 03:48:32
137,San Luis,-33.295,-66.3356,59.45,43,52,11.5,AR,2022-04-16 03:46:08
138,Mokrousovo,55.8103,66.7653,53.91,53,76,18.28,RU,2022-04-16 03:48:32
139,Dingle,10.9995,122.6711,85.86,68,34,5.19,PH,2022-04-16 03:48:33
140,Cabo San Lucas,22.8909,-109.9124,74.61,53,100,9.15,MX,2022-04-16 03:48:33
141,Vila Velha,-20.3297,-40.2925,73.35,70,40,6.91,BR,2022-04-16 03:44:20
142,Valparaiso,-33.0393,-71.6273,57.47,70,0,5.75,CL,2022-04-16 03:45:23
143,Roald,62.5833,6.1333,44.76,93,46,9.22,NO,2022-04-16 03:48:34
144,Hithadhoo,-0.6,73.0833,82.74,69,40,3.33,MV,2022-04-16 03:48:34
145,Berlevag,70.8578,29.0864,37.2,92,100,18.54,NO,2022-04-16 03:48:35
146,Sorland,67.667,12.6934,41.99,94,100,27.18,NO,2022-04-16 03:44:33
147,Amahai,-3.3333,128.9167,88.56,56,81,5.7,ID,2022-04-16 03:48:35
148,Asmara,15.3333,38.9333,63.95,52,80,1.52,ER,2022-04-16 03:48:35
149,Anadyr,64.75,177.4833,32.5,80,0,26.84,RU,2022-04-16 03:48:36
150,Lanxi,29.2195,119.477,54.05,73,100,2.55,CN,2022-04-16 03:48:36
151,Rio Grande,-32.035,-52.0986,65.08,59,70,11.01,BR,2022-04-16 03:45:23
152,Oranjestad,12.524,-70.027,80.55,78,20,23.02,AW,2022-04-16 03:47:04
153,Kabanjahe,3.1001,98.4908,74.03,71,100,1.61,ID,2022-04-16 03:48:37
154,Geraldton,-28.7667,114.6,77.41,69,40,16.11,AU,2022-04-16 03:47:31
155,Puerto Maldonado,-12.6,-69.1833,68.95,87,4,0.34,PE,2022-04-16 03:48:38
156,Obanazawa,38.6033,140.4019,50.16,94,100,4.0,JP,2022-04-16 03:48:38
157,Korla,41.7597,86.1469,53.13,9,0,6.96,CN,2022-04-16 03:48:38
158,Ingham,42.6,-84.3833,41.18,81,75,0.0,US,2022-04-16 03:48:39
159,Villa Carlos Paz,-31.4241,-64.4978,58.39,36,54,7.0,AR,2022-04-16 03:48:39
160,Renukut,24.2,83.0333,95.88,10,40,4.88,IN,2022-04-16 03:48:39
161,Clyde River,70.4692,-68.5914,-16.37,76,75,4.61,CA,2022-04-16 03:48:40
162,Katsuura,35.1333,140.3,52.63,77,100,19.46,JP,2022-04-16 03:48:40
163,Zmeinogorsk,51.1567,82.195,55.69,48,0,4.99,RU,2022-04-16 03:48:41
164,Port Keats,-14.25,129.55,92.53,44,98,2.62,AU,2022-04-16 03:48:41
165,Carnarvon,-24.8667,113.6333,95.07,28,71,8.05,AU,2022-04-16 03:48:41
166,Independence,39.0911,-94.4155,50.79,49,0,10.36,US,2022-04-16 03:48:42
167,Acari,-15.4311,-74.6158,68.2,82,99,4.05,PE,2022-04-16 03:48:42
168,Hualmay,-11.0964,-77.6139,66.24,87,42,9.98,PE,2022-04-16 03:48:43
169,Kodiak,57.79,-152.4072,38.71,87,100,18.41,US,2022-04-16 03:48:43
170,Raahe,64.6833,24.4833,24.89,90,100,4.59,FI,2022-04-16 03:48:43
171,Colotlan,22.1,-103.2667,66.43,22,99,3.13,MX,2022-04-16 03:48:44
172,Cherskiy,68.75,161.3,21.2,92,100,9.31,RU,2022-04-16 03:48:44
173,Kailua,21.4022,-157.7394,76.14,76,99,7.0,US,2022-04-16 03:45:38
174,Kon Tum,14.35,108.0,88.77,48,100,2.77,VN,2022-04-16 03:48:45
175,Axim,4.8699,-2.2405,78.85,84,97,5.37,GH,2022-04-16 03:48:45
176,Lernakert,40.5617,43.9392,35.69,70,88,4.21,AM,2022-04-16 03:48:45
177,Letlhakane,-21.4167,25.5833,69.85,66,86,4.32,BW,2022-04-16 03:48:46
178,Husavik,66.0449,-17.3389,40.32,70,100,15.66,IS,2022-04-16 03:48:46
179,Santiago Del Estero,-27.7951,-64.2615,57.13,59,0,5.84,AR,2022-04-16 03:48:46
180,Kudahuvadhoo,2.6708,72.8944,83.5,72,94,2.48,MV,2022-04-16 03:48:47
181,Kafanchan,9.5833,8.3,72.46,75,100,1.45,NG,2022-04-16 03:48:47
182,Santa Cruz Cabralia,-16.2781,-39.0247,73.63,94,75,3.44,BR,2022-04-16 03:47:08
183,Kosa,59.9445,54.9977,26.8,88,100,10.4,RU,2022-04-16 03:48:48
184,Chiredzi,-21.05,31.6667,69.84,96,50,4.41,ZW,2022-04-16 03:48:48
185,Mar Del Plata,-38.0023,-57.5575,55.09,90,0,7.0,AR,2022-04-16 03:48:48
186,Kavaratti,10.5669,72.642,83.73,72,71,4.47,IN,2022-04-16 03:48:49
187,Mitsamiouli,-11.3847,43.2844,82.72,74,20,10.71,KM,2022-04-16 03:48:49
188,Luderitz,-26.6481,15.1594,59.83,51,0,11.54,NA,2022-04-16 03:48:50
189,Atuona,-9.8,-139.0333,78.91,78,21,15.95,PF,2022-04-16 03:48:50
190,Suez,29.9737,32.5263,61.18,50,7,9.86,EG,2022-04-16 03:48:50
191,Saint-Augustin,51.226,-58.6502,31.3,99,100,5.79,CA,2022-04-16 03:48:51
192,Itarema,-2.9248,-39.9167,77.05,87,77,1.99,BR,2022-04-16 03:48:51
193,Harper,4.375,-7.7169,78.58,86,98,4.59,LR,2022-04-16 03:48:51
194,Filimonovo,56.2011,95.4611,51.08,54,92,10.36,RU,2022-04-16 03:48:52
195,Gbarnga,6.9956,-9.4722,72.39,98,98,2.08,LR,2022-04-16 03:48:52
196,Ust-Tsilma,65.441,52.1498,24.06,89,96,7.11,RU,2022-04-16 03:48:53
197,Jeremie,18.65,-74.1167,76.64,81,29,3.29,HT,2022-04-16 03:48:53
198,Khilok,51.3674,110.4676,44.49,40,100,13.31,RU,2022-04-16 03:48:54
199,Petropavlovsk-Kamchatskiy,53.0452,158.6483,41.59,42,75,4.47,RU,2022-04-16 03:45:11
200,Mucurapo,10.6667,-61.5333,77.25,88,100,9.31,TT,2022-04-16 03:48:54
201,Bambous Virieux,-20.3428,57.7575,77.25,83,75,19.57,MU,2022-04-16 03:48:54
202,Tiquisio,8.5597,-74.2669,75.42,97,85,1.79,CO,2022-04-16 03:48:55
203,Usinsk,65.9939,57.5281,19.92,84,100,14.2,RU,2022-04-16 03:48:55
204,Olafsvik,64.8945,-23.7142,45.39,85,100,30.36,IS,2022-04-16 03:44:13
205,Awbari,26.5921,12.7805,65.3,24,0,8.84,LY,2022-04-16 03:48:56
206,Pevek,69.7008,170.3133,20.55,87,44,3.69,RU,2022-04-16 03:48:56
207,Brigantine,39.4101,-74.3646,56.03,63,0,17.27,US,2022-04-16 03:48:56
208,Bima,-8.4667,118.7167,90.54,63,32,1.45,ID,2022-04-16 03:48:57
209,San Pedro Buenavista,16.0833,-93.1167,75.54,79,98,3.51,MX,2022-04-16 03:48:57
210,Kopervik,59.2835,5.3067,38.32,100,70,6.91,NO,2022-04-16 03:48:58
211,Abengourou,6.7297,-3.4964,71.89,99,100,1.92,CI,2022-04-16 03:48:58
212,Hamilton,39.1834,-84.5333,58.06,67,100,11.5,US,2022-04-16 03:47:38
213,Longyearbyen,78.2186,15.6401,31.84,86,75,5.75,SJ,2022-04-16 03:45:45
214,Leshukonskoye,64.8989,45.7622,25.14,93,87,4.65,RU,2022-04-16 03:48:59
215,Hasaki,35.7333,140.8333,57.6,80,100,23.31,JP,2022-04-16 03:48:59
216,Eyl,7.9803,49.8164,80.58,74,12,1.34,SO,2022-04-16 03:49:00
217,Victoria,22.2855,114.1577,75.96,70,97,24.0,HK,2022-04-16 03:49:00
218,Mehamn,71.0357,27.8492,35.51,86,100,19.01,NO,2022-04-16 03:46:16
219,Teahupoo,-17.8333,-149.2667,78.76,72,25,15.93,PF,2022-04-16 03:49:01
220,Ashqelon,31.6693,34.5715,55.29,63,29,5.95,IL,2022-04-16 03:49:01
221,Lincoln,40.8,-96.667,40.28,40,0,10.0,US,2022-04-16 03:49:01
222,Vostok,46.4856,135.8833,47.62,44,99,11.83,RU,2022-04-16 03:49:02
223,Valls,41.2861,1.2499,62.49,69,0,0.0,ES,2022-04-16 03:49:02
224,La Ronge,55.1001,-105.2842,25.05,33,100,0.0,CA,2022-04-16 03:45:14
225,Garden City,42.3256,-83.331,45.05,86,100,14.97,US,2022-04-16 03:47:43
226,Arlit,18.7369,7.3853,75.74,12,81,9.06,NE,2022-04-16 03:49:03
227,Karratha,-20.7377,116.8463,94.51,26,13,16.08,AU,2022-04-16 03:49:03
228,Bulgan,48.8125,103.5347,46.11,31,64,5.14,MN,2022-04-16 03:49:04
229,Sorochinsk,52.4338,53.1583,39.79,74,6,8.84,RU,2022-04-16 03:49:04
230,Pokrovsk,48.282,37.1758,46.35,89,20,9.78,UA,2022-04-16 03:49:04
231,Klaksvik,62.2266,-6.589,47.32,99,100,14.38,FO,2022-04-16 03:49:05
232,Mega,4.05,38.3,61.74,77,100,4.09,ET,2022-04-16 03:49:05
233,Marsa Matruh,31.3525,27.2453,61.0,82,0,11.5,EG,2022-04-16 03:49:05
234,Bayji,34.9311,43.487,63.36,30,0,6.02,IQ,2022-04-16 03:49:06
235,Burns Lake,54.2331,-125.7533,35.02,75,100,1.1,CA,2022-04-16 03:45:13
236,Thinadhoo,0.5333,72.9333,82.69,72,40,3.44,MV,2022-04-16 03:49:06
237,Cockburn Town,21.4612,-71.1419,77.11,80,82,24.02,TC,2022-04-16 03:49:07
238,Ustye,59.6304,39.736,28.38,86,97,8.86,RU,2022-04-16 03:49:07
239,Monrovia,6.3005,-10.7969,78.66,89,97,5.99,LR,2022-04-16 03:49:08
240,Nouadhibou,20.931,-17.0347,62.58,94,0,11.5,MR,2022-04-16 03:48:22
241,Cairns,-16.9167,145.7667,87.12,60,40,17.27,AU,2022-04-16 03:48:58
242,Phalombe,-15.8064,35.6507,65.89,94,2,1.9,MW,2022-04-16 03:49:08
243,Thurso,58.5927,-3.5259,46.65,93,87,11.59,GB,2022-04-16 03:49:09
244,Pombas,17.1503,-25.0201,67.78,76,65,10.49,CV,2022-04-16 03:49:09
245,Antalaha,-14.9003,50.2788,76.33,90,38,6.15,MG,2022-04-16 03:49:09
246,Longjiang,47.3303,123.1836,54.3,13,85,17.78,CN,2022-04-16 03:49:10
247,Sola,-13.8833,167.55,88.47,70,40,3.44,VU,2022-04-16 03:49:10
248,Salalah,17.0151,54.0924,77.09,73,0,2.3,OM,2022-04-16 03:49:11
249,Gimli,50.6336,-96.9907,21.22,53,100,12.66,CA,2022-04-16 03:49:11
250,Koping,59.514,15.9926,37.18,85,100,3.31,SE,2022-04-16 03:49:11
251,Ancud,-41.8697,-73.8203,54.23,92,10,3.6,CL,2022-04-16 03:48:27
252,Kralendijk,12.15,-68.2667,80.58,78,75,19.57,BQ,2022-04-16 03:48:10
253,Khanpur,28.6453,70.6567,94.73,8,0,1.81,PK,2022-04-16 03:49:12
254,Zhenhai,24.2582,118.0905,70.48,58,31,25.26,CN,2022-04-16 03:49:12
255,Haines Junction,60.7522,-137.5108,33.75,44,100,8.05,CA,2022-04-16 03:49:13
256,Keffi,8.8486,7.8736,76.21,72,94,2.93,NG,2022-04-16 03:49:13
257,Jasper,37.2001,-94.3502,59.68,75,40,10.36,US,2022-04-16 03:48:24
258,Moree,-29.4667,149.85,78.82,36,100,3.44,AU,2022-04-16 03:49:14
259,Nuuk,64.1835,-51.7216,6.06,83,4,7.58,GL,2022-04-16 03:47:19
260,Akyab,20.15,92.9,87.42,62,55,7.31,MM,2022-04-16 03:49:14
261,Riyadh,24.6877,46.7219,77.14,28,57,2.59,SA,2022-04-16 03:48:58
262,Avera,33.194,-82.5271,62.65,77,20,8.08,US,2022-04-16 03:49:15
263,Ketchikan,55.3422,-131.6461,45.07,33,0,8.05,US,2022-04-16 03:49:15
264,Oussouye,12.485,-16.5469,68.18,80,36,10.45,SN,2022-04-16 03:49:15
265,Moose Factory,51.2585,-80.6094,32.0,100,100,6.91,CA,2022-04-16 03:49:16
266,Tazovskiy,67.4667,78.7,20.61,91,100,4.63,RU,2022-04-16 03:49:16
267,Zhigansk,66.7697,123.3711,14.61,83,75,9.19,RU,2022-04-16 03:49:17
268,North Bend,43.4065,-124.2243,46.31,85,0,10.36,US,2022-04-16 03:49:17
269,Portland,45.5234,-122.6762,48.18,64,12,3.0,US,2022-04-16 03:47:09
270,Pacific Grove,36.6177,-121.9166,55.08,80,0,1.99,US,2022-04-16 03:46:32
271,Grand Forks,47.9417,-97.4337,21.13,73,75,9.22,US,2022-04-16 03:45:14
272,Leningradskiy,69.3833,178.4167,11.62,89,100,9.4,RU,2022-04-16 03:49:18
273,Alofi,-19.0595,-169.9187,80.49,89,31,6.91,NU,2022-04-16 03:49:18
274,Hay River,60.8156,-115.7999,17.58,73,75,12.66,CA,2022-04-16 03:49:18
275,Colesberg,-30.72,25.0972,45.52,83,25,16.35,ZA,2022-04-16 03:49:19
276,Vallenar,-28.5708,-70.7581,56.52,73,0,0.65,CL,2022-04-16 03:49:19
277,Clarksburg,39.2807,-80.3445,64.85,15,20,6.91,US,2022-04-16 03:49:20
278,Chadiza,-14.0678,32.4392,62.46,97,61,2.86,ZM,2022-04-16 03:49:20
279,Zeya,53.75,127.2667,40.05,50,100,10.51,RU,2022-04-16 03:49:20
280,Mount Gambier,-37.8333,140.7667,73.31,64,81,4.61,AU,2022-04-16 03:49:21
281,Kruisfontein,-34.0033,24.7314,53.31,80,67,4.38,ZA,2022-04-16 03:49:21
282,Cordoba,-31.4135,-64.1811,61.75,69,0,6.91,AR,2022-04-16 03:45:27
283,Ilave,-16.0833,-69.6667,36.66,45,1,4.81,PE,2022-04-16 03:49:22
284,Senno,59.5336,33.9167,32.27,89,100,8.75,RU,2022-04-16 03:49:22
285,Xining,36.6167,101.7667,50.2,46,96,3.83,CN,2022-04-16 03:46:31
286,Cap Malheureux,-19.9842,57.6142,76.46,84,77,7.0,MU,2022-04-16 03:49:23
287,Ramanagaram,12.7167,77.3,90.7,44,27,5.01,IN,2022-04-16 03:49:23
288,Saint-Pierre,-21.3393,55.4781,75.29,75,0,6.91,RE,2022-04-16 03:49:24
289,Yulara,-25.2406,130.9889,96.64,15,10,14.97,AU,2022-04-16 03:45:58
290,Poronaysk,49.2167,143.1167,37.45,66,14,12.12,RU,2022-04-16 03:49:24
291,Rairangpur,22.2676,86.1751,101.44,15,89,10.8,IN,2022-04-16 03:49:24
292,Tuatapere,-46.1333,167.6833,54.66,58,35,15.52,NZ,2022-04-16 03:49:25
293,Marau,-28.4492,-52.2,47.53,97,0,3.83,BR,2022-04-16 03:49:25
294,Lavrentiya,65.5833,-171.0,29.95,96,100,14.65,RU,2022-04-16 03:49:26
295,Isoka,-10.1606,32.6335,60.03,99,87,1.57,ZM,2022-04-16 03:49:26
296,Caronport,50.4501,-105.8179,21.38,94,100,2.42,CA,2022-04-16 03:49:26
297,Meleuz,52.9667,55.9167,38.44,77,100,11.77,RU,2022-04-16 03:49:27
298,Meulaboh,4.1363,96.1285,85.3,68,79,3.2,ID,2022-04-16 03:49:27
299,Marsh Harbour,26.5412,-77.0636,72.7,82,100,16.4,BS,2022-04-16 03:49:27
300,Puerto Carreno,6.189,-67.4859,77.41,84,99,6.29,CO,2022-04-16 03:49:28
301,Arkhangelsk,64.5401,40.5433,30.31,86,75,4.47,RU,2022-04-16 03:49:28
302,Williston,48.147,-103.618,11.8,97,54,3.22,US,2022-04-16 03:49:29
303,Bandarbeyla,9.4942,50.8122,84.11,65,68,7.0,SO,2022-04-16 03:44:31
304,Khandyga,62.6667,135.6,27.16,74,29,4.09,RU,2022-04-16 03:49:29
305,Strezhevoy,60.7333,77.5889,46.11,78,100,12.35,RU,2022-04-16 03:45:05
306,Tezu,27.9167,96.1667,79.23,65,94,2.84,IN,2022-04-16 03:49:30
307,Sheridan,44.8333,-106.9173,22.69,69,100,4.61,US,2022-04-16 03:46:52
308,Malyn,50.7723,29.2383,47.82,94,100,7.49,UA,2022-04-16 03:49:30
309,Mount Isa,-20.7333,139.5,92.97,21,40,11.5,AU,2022-04-16 03:45:12
310,Acapulco,16.8634,-99.8901,80.42,69,0,5.75,MX,2022-04-16 03:44:53
311,Bontang,0.1333,117.5,77.29,93,100,9.31,ID,2022-04-16 03:49:31
312,Mbour,14.422,-16.9638,65.25,83,52,13.35,SN,2022-04-16 03:49:31
313,La Arena,-5.3466,-80.7109,71.02,70,57,13.22,PE,2022-04-16 03:49:32
314,Niteroi,-22.8833,-43.1036,67.66,77,0,5.75,BR,2022-04-16 03:45:24
315,Ghanzi,-21.5667,21.7833,63.09,81,37,8.52,BW,2022-04-16 03:49:32
316,Itaquyry,-24.9333,-55.2167,52.14,82,0,2.64,PY,2022-04-16 03:49:33
317,Bandrele,-12.9067,45.1914,80.35,89,0,5.75,YT,2022-04-16 03:49:33
318,Sibolga,1.7427,98.7792,87.37,62,100,3.56,ID,2022-04-16 03:49:33
319,Macatbong,15.5056,121.0808,89.78,54,50,10.09,PH,2022-04-16 03:49:34
320,Kavieng,-2.5744,150.7967,83.93,73,26,6.55,PG,2022-04-16 03:49:34
321,Plon,54.1667,10.4167,37.44,99,5,6.06,DE,2022-04-16 03:49:34
322,Tasiilaq,65.6145,-37.6368,37.56,97,100,10.25,GL,2022-04-16 03:49:35
323,Agadir,30.4202,-9.5982,63.05,32,84,8.84,MA,2022-04-16 03:46:34
324,Santa Cruz,-17.8,-63.1667,65.66,82,75,5.75,BO,2022-04-16 03:49:35
325,Constitucion,-35.3333,-72.4167,51.73,83,0,6.98,CL,2022-04-16 03:49:36
326,Iberia,29.9502,-91.7507,75.27,94,100,13.8,US,2022-04-16 03:49:36
327,Miramar,25.9873,-80.2323,76.03,81,40,14.97,US,2022-04-16 03:49:36
328,Gizo,-8.103,156.8419,84.2,71,100,4.18,SB,2022-04-16 03:49:37
329,Bilgoraj,50.5411,22.722,44.65,94,99,11.92,PL,2022-04-16 03:49:37
330,Plettenberg Bay,-34.0527,23.3716,57.4,78,96,6.35,ZA,2022-04-16 03:49:38
331,Phayao,19.25,100.25,96.51,25,0,5.53,TH,2022-04-16 03:49:38
332,Ostrovnoy,68.0531,39.5131,20.86,89,81,9.4,RU,2022-04-16 03:47:13
333,Omsukchan,62.5333,155.8,19.87,83,100,6.53,RU,2022-04-16 03:49:39
334,Mangrol,21.1167,70.1167,84.38,58,0,8.1,IN,2022-04-16 03:49:39
335,Saint-Agapit,46.5629,-71.4352,48.34,75,99,16.49,CA,2022-04-16 03:49:39
336,Ilhabela,-23.7781,-45.3581,67.1,76,54,6.96,BR,2022-04-16 03:49:40
337,Bjerkvik,68.5597,17.5189,35.42,65,87,6.38,NO,2022-04-16 03:49:40
338,Chicama,-7.8447,-79.1469,61.34,82,59,7.31,PE,2022-04-16 03:49:40
339,Pemangkat,1.1667,108.9667,86.18,66,86,7.52,ID,2022-04-16 03:49:41
340,Ghatsila,22.6,86.4833,91.85,18,99,6.76,IN,2022-04-16 03:49:41
341,Kuminskiy,58.6667,66.5667,44.58,94,99,5.88,RU,2022-04-16 03:49:41
342,Morondava,-20.2833,44.2833,77.34,75,15,7.65,MG,2022-04-16 03:49:42
343,Olinda,-8.0089,-34.8553,82.13,78,40,4.61,BR,2022-04-16 03:49:42
344,Bereda,43.2686,-7.5406,53.42,100,23,0.96,ES,2022-04-16 03:49:43
345,Kingsville,27.5159,-97.8561,74.08,91,0,3.44,US,2022-04-16 03:49:43
346,Lompoc,34.6391,-120.4579,53.78,85,100,15.01,US,2022-04-16 03:49:43
347,Phonhong,18.5007,102.4166,97.47,35,3,4.0,LA,2022-04-16 03:49:44
348,Buarcos,40.166,-8.8768,53.94,93,100,8.93,PT,2022-04-16 03:49:44
349,Saint-Joseph,-21.3667,55.6167,74.21,82,29,14.97,RE,2022-04-16 03:49:44
350,Muros,42.7762,-9.0603,48.83,93,38,2.89,ES,2022-04-16 03:49:45
351,Gat,31.61,34.7642,60.4,52,28,3.87,IL,2022-04-16 03:46:04
352,Turbat,26.0023,63.044,87.21,33,31,2.28,PK,2022-04-16 03:49:45
353,Ampanihy,-24.7,44.75,75.83,71,72,3.22,MG,2022-04-16 03:49:46
354,Acuitzio,20.345,-101.9771,69.31,26,93,3.29,MX,2022-04-16 03:49:46
355,Mosjoen,65.836,13.1908,29.43,85,100,5.53,NO,2022-04-16 03:49:46
356,Tilichiki,60.4667,166.1,30.88,81,100,15.1,RU,2022-04-16 03:49:47
357,Penzance,50.1186,-5.5371,52.48,92,97,5.21,GB,2022-04-16 03:49:47
358,Korfovskiy,48.2183,135.0564,45.86,63,100,7.78,RU,2022-04-16 03:49:48
359,Suntar,62.1444,117.6319,27.16,70,100,5.41,RU,2022-04-16 03:49:48
360,Darasun,51.6667,114.0,47.88,34,99,8.68,RU,2022-04-16 03:49:48
361,Fredericksburg,38.3032,-77.4605,63.57,39,0,10.36,US,2022-04-16 03:45:10
362,Rawson,-43.3002,-65.1023,63.66,48,5,13.53,AR,2022-04-16 03:45:49
363,Manoel Urbano,-8.8389,-69.2597,71.98,99,71,0.69,BR,2022-04-16 03:49:49
364,Jutai,-5.1833,-68.9,72.48,99,83,1.39,BR,2022-04-16 03:49:49
365,Kristiansund,63.1115,7.732,39.85,93,100,6.91,NO,2022-04-16 03:49:50
366,Luzilandia,-3.4578,-42.3703,73.33,99,100,2.82,BR,2022-04-16 03:49:50
367,Mahon,39.8885,4.2658,50.56,87,0,2.3,ES,2022-04-16 03:49:45
368,Villazon,-22.0866,-65.5942,42.76,51,0,4.85,BO,2022-04-16 03:49:51
369,Namatanai,-3.6667,152.4333,85.23,68,27,6.13,PG,2022-04-16 03:49:51
370,General Pico,-35.6566,-63.7568,52.83,54,1,8.61,AR,2022-04-16 03:49:51
371,Careiro Da Varzea,-3.2003,-59.8119,75.81,95,100,3.6,BR,2022-04-16 03:49:52
372,Macon,39.8667,-88.9668,51.85,62,100,13.8,US,2022-04-16 03:49:52
373,Bilma,18.6853,12.9164,81.48,6,96,9.53,NE,2022-04-16 03:49:52
374,Bhawanipatna,19.9,83.1667,96.58,28,60,9.69,IN,2022-04-16 03:49:53
375,Weihe,32.9952,105.3247,46.71,76,100,3.42,CN,2022-04-16 03:49:53
376,San Rafael,-34.6177,-68.3301,61.63,47,90,7.92,AR,2022-04-16 03:49:53
377,Altamont,42.2068,-121.7372,40.84,73,100,11.5,US,2022-04-16 03:49:54
378,Talnakh,69.4865,88.3972,25.21,90,100,10.96,RU,2022-04-16 03:49:54
379,Lokosovo,61.1333,74.8167,48.18,76,100,11.41,RU,2022-04-16 03:49:55
380,Beringovskiy,63.05,179.3167,32.32,96,100,25.21,RU,2022-04-16 03:49:55
381,Port Hardy,50.6996,-127.4199,44.6,70,75,10.36,CA,2022-04-16 03:45:14
382,Aflao,6.116,1.1914,80.73,89,20,4.61,TG,2022-04-16 03:49:56
383,Vrangel,42.7297,133.0839,45.05,64,2,8.37,RU,2022-04-16 03:49:56
384,Kawhia,-38.0651,174.8183,63.43,64,27,5.91,NZ,2022-04-16 03:49:56
385,Todos Santos,23.45,-110.2167,65.66,76,72,6.42,MX,2022-04-16 03:49:57
386,Xapuri,-10.6517,-68.5044,75.15,79,100,2.62,BR,2022-04-16 03:49:57
387,Cernay,47.8097,7.177,49.51,88,66,6.35,FR,2022-04-16 03:49:57
388,Adre,13.4667,22.2,75.6,10,53,9.13,TD,2022-04-16 03:49:58
389,Galesburg,40.9478,-90.3712,43.02,57,75,13.8,US,2022-04-16 03:49:58
390,Stendal,52.6,11.85,35.94,77,2,1.01,DE,2022-04-16 03:49:59
391,El Vendrell,41.2167,1.5333,64.54,76,5,3.0,ES,2022-04-16 03:49:59
392,Kottapalli,18.4833,79.1,97.03,26,94,6.89,IN,2022-04-16 03:49:59
393,Maldonado,-34.6667,-54.9167,55.22,92,1,3.11,UY,2022-04-16 03:50:00
394,Madison,34.7334,-86.5667,71.4,33,100,13.8,US,2022-04-16 03:50:01
395,Antsohihy,-14.8796,47.9875,78.55,75,1,8.25,MG,2022-04-16 03:50:01
396,Adrar,20.5022,-10.0711,75.33,16,2,10.22,MR,2022-04-16 03:50:01
397,Deputatskiy,69.3,139.9,11.25,71,100,2.95,RU,2022-04-16 03:50:02
398,Paita,-5.0892,-81.1144,68.45,80,68,13.56,PE,2022-04-16 03:50:02
399,Waitati,-45.75,170.5667,61.81,38,0,16.91,NZ,2022-04-16 03:50:03
400,Aginskoye,51.1,114.53,46.24,46,100,12.68,RU,2022-04-16 03:50:03
401,Boa Vista,2.8197,-60.6733,76.98,88,75,4.61,BR,2022-04-16 03:50:03
402,Karwar,14.8,74.1333,84.9,68,79,3.98,IN,2022-04-16 03:47:18
403,Labuhan,-6.8844,112.2051,88.07,60,95,0.43,ID,2022-04-16 03:50:04
404,Namibe,-15.1961,12.1522,70.99,79,71,3.98,AO,2022-04-16 03:50:04
405,Buraydah,26.326,43.975,70.25,33,0,11.1,SA,2022-04-16 03:50:05
406,Broome,42.2506,-75.833,59.38,28,40,10.36,US,2022-04-16 03:47:03
407,Voyvozh,62.892,54.9635,22.86,91,100,11.74,RU,2022-04-16 03:50:05
408,Kimbe,-5.5502,150.1429,86.76,67,64,6.58,PG,2022-04-16 03:50:05
409,Biasca,46.3597,8.9697,57.43,78,56,9.46,CH,2022-04-16 03:50:06
410,Mulege,26.8833,-111.9833,70.95,41,96,3.09,MX,2022-04-16 03:50:06
411,Canico,32.6333,-16.85,66.7,50,20,13.8,PT,2022-04-16 03:50:07
412,Quthing,-30.4,27.7003,50.5,86,100,4.79,LS,2022-04-16 03:50:07
413,Bose,45.4612,8.0137,58.73,62,16,3.02,IT,2022-04-16 03:50:08
414,Abu Zabad,12.35,29.25,79.95,57,100,6.64,SD,2022-04-16 03:50:08
415,Hambantota,6.1241,81.1185,86.34,89,20,2.3,LK,2022-04-16 03:50:08
416,Lashma,54.9321,41.1438,39.72,90,100,10.11,RU,2022-04-16 03:50:09
417,Micheweni,-4.9667,39.8333,77.49,91,100,4.12,TZ,2022-04-16 03:50:09
418,Sechelt,49.4664,-123.7694,44.6,80,20,4.0,CA,2022-04-16 03:45:14
419,Alihe,50.5667,123.7167,41.09,24,54,14.07,CN,2022-04-16 03:50:10
420,Ahipara,-35.1667,173.1667,68.7,66,100,4.25,NZ,2022-04-16 03:50:10
421,Belaya Gora,68.5333,146.4167,16.74,75,100,2.37,RU,2022-04-16 03:50:10
422,Kirakira,-10.4544,161.9205,84.06,71,72,5.28,SB,2022-04-16 03:50:11
423,Tyrma,50.0833,132.1667,39.07,76,100,11.61,RU,2022-04-16 03:50:11
424,Juneau,58.3019,-134.4197,44.6,80,20,11.5,US,2022-04-16 03:50:12
425,Beloha,-25.1667,45.05,75.42,73,60,4.09,MG,2022-04-16 03:50:12
426,Zverinogolovskoye,54.4586,64.8542,52.47,56,40,19.08,RU,2022-04-16 03:50:13
427,Cidreira,-30.1811,-50.2056,64.36,67,84,7.18,BR,2022-04-16 03:50:13
428,Saratov,51.5667,46.0333,43.95,55,62,1.01,RU,2022-04-16 03:50:13
429,Corinto,37.9407,22.9573,58.75,53,100,2.24,GR,2022-04-16 03:50:10
430,Ialibu,-6.2821,143.9935,65.25,88,100,2.71,PG,2022-04-16 03:50:14
431,Tinskoy,56.1525,96.9161,49.71,64,97,7.63,RU,2022-04-16 03:50:14
432,Nara,34.6851,135.8049,64.49,33,24,18.21,JP,2022-04-16 03:46:43
433,West Bay,19.3667,-81.4167,79.07,83,0,3.44,KY,2022-04-16 03:50:15
434,Port Lincoln,-34.7333,135.8667,74.35,55,6,9.69,AU,2022-04-16 03:50:09
435,Viedma,-40.8135,-62.9967,61.74,52,3,14.54,AR,2022-04-16 03:50:15
436,Seoul,37.5683,126.9778,65.59,32,0,6.91,KR,2022-04-16 03:47:42
437,Shenjiamen,29.9576,122.298,56.12,54,100,15.03,CN,2022-04-16 03:50:16
438,Havre-Saint-Pierre,50.2334,-63.5986,32.36,100,100,5.75,CA,2022-04-16 03:48:31
439,Kikwit,-5.041,18.8162,69.46,93,100,0.72,CD,2022-04-16 03:50:16
440,Mosquera,4.7059,-74.2302,55.49,76,40,2.3,CO,2022-04-16 03:50:16
441,Lakatoro,-16.0999,167.4164,83.52,71,94,2.8,VU,2022-04-16 03:50:17
442,Skibbereen,51.55,-9.2667,52.11,94,95,7.14,IE,2022-04-16 03:50:17
443,Kartarpur,31.44,75.4997,89.13,19,0,4.27,IN,2022-04-16 03:50:18
444,Homer,59.6425,-151.5483,40.89,67,20,8.99,US,2022-04-16 03:50:18
445,Hokitika,-42.7167,170.9667,60.53,89,99,9.19,NZ,2022-04-16 03:50:18
446,Bage,-31.3314,-54.1069,53.38,87,0,3.44,BR,2022-04-16 03:49:29
447,Asfi,32.2994,-9.2372,62.78,73,8,14.85,MA,2022-04-16 03:47:49
448,Charters Towers,-20.1,146.2667,85.87,25,0,10.83,AU,2022-04-16 03:50:19
449,Smithers,54.7804,-127.1743,37.72,32,40,4.61,CA,2022-04-16 03:50:19
450,Te Anau,-45.4167,167.7167,55.15,50,12,4.14,NZ,2022-04-16 03:50:20
451,Ambon,-3.6954,128.1814,89.74,66,40,9.22,ID,2022-04-16 03:50:20
452,Naze,28.3667,129.4833,72.52,56,23,19.33,JP,2022-04-16 03:50:21
453,Marzuq,14.4,46.4667,73.99,19,4,5.66,YE,2022-04-16 03:50:21
454,Pecanha,-18.5486,-42.5569,63.77,97,86,2.62,BR,2022-04-16 03:50:21
455,San Jose,37.3394,-121.895,59.14,63,75,11.5,US,2022-04-16 03:45:34
456,Matam,15.6175,-13.3303,87.8,22,0,11.5,SN,2022-04-16 03:50:22
457,Aborlan,9.4352,118.5492,87.87,61,24,5.61,PH,2022-04-16 03:50:22
458,Delijan,33.9905,50.6838,62.6,45,3,4.88,IR,2022-04-16 03:50:23
459,Hope,33.6671,-93.5916,71.65,99,98,7.09,US,2022-04-16 03:50:23
460,Srednekolymsk,67.45,153.6833,20.19,71,100,3.09,RU,2022-04-16 03:50:24
461,Codrington,-38.2667,141.9667,76.14,42,33,5.55,AU,2022-04-16 03:50:24
462,Huicungo,-7.2833,-76.8,69.71,99,51,1.48,PE,2022-04-16 03:50:24
463,Gannan,47.9147,123.5031,52.18,14,7,14.65,CN,2022-04-16 03:50:25
464,Babu,24.4167,111.5167,55.92,92,100,7.14,CN,2022-04-16 03:50:25
465,Kilrush,52.6397,-9.4833,46.15,89,94,9.42,IE,2022-04-16 03:50:26
466,Caravelas,-17.7125,-39.2481,77.18,72,100,12.33,BR,2022-04-16 03:50:26
467,Tucurui,-3.7661,-49.6725,72.91,98,48,3.56,BR,2022-04-16 03:50:26
468,Port-Gentil,-0.7193,8.7815,80.06,82,99,3.2,GA,2022-04-16 03:50:27
469,Gornopravdinsk,60.05,69.9,42.19,99,100,6.04,RU,2022-04-16 03:50:27
470,Kemijarvi,66.7131,27.4306,30.69,78,99,3.27,FI,2022-04-16 03:50:28
471,Hami,42.8,93.45,51.58,24,84,6.73,CN,2022-04-16 03:50:28
472,Mareeba,-17.0,145.4333,82.49,52,100,7.05,AU,2022-04-16 03:50:28
473,Nemuro,43.3236,145.575,34.05,81,100,14.97,JP,2022-04-16 03:50:29
474,Mananjary,-21.2167,48.3333,76.26,86,69,6.24,MG,2022-04-16 03:50:29
475,Mandalgovi,45.7625,106.2708,43.3,28,30,2.1,MN,2022-04-16 03:50:30
476,Gorontalo,0.5412,123.0595,87.17,69,97,3.2,ID,2022-04-16 03:50:30
477,Pareora,-44.4871,171.2132,60.19,77,38,6.42,NZ,2022-04-16 03:50:30
478,Bonthe,7.5264,-12.505,76.33,88,51,6.04,SL,2022-04-16 03:50:31
479,Rafsanjan,30.4067,55.9939,69.44,33,69,1.14,IR,2022-04-16 03:50:31
480,Northam,51.0333,-4.2167,51.62,94,64,4.27,GB,2022-04-16 03:50:32
481,Pangnirtung,66.1451,-65.7125,-4.95,86,4,6.71,CA,2022-04-16 03:50:32
482,Luau,-10.7073,22.2247,64.31,98,100,0.45,AO,2022-04-16 03:50:33
483,Tsagan Aman,47.5639,46.7218,52.45,64,26,5.59,RU,2022-04-16 03:50:33
484,Amot,59.5714,7.9877,29.5,90,100,4.34,NO,2022-04-16 03:50:33
485,Comodoro Rivadavia,-45.8667,-67.5,60.66,44,0,17.27,AR,2022-04-16 03:50:34
486,Enid,36.3956,-97.8784,60.96,43,0,21.85,US,2022-04-16 03:50:34
487,Sharjah,25.3573,55.4033,82.38,41,0,5.75,AE,2022-04-16 03:50:34
488,Orange Cove,36.6244,-119.3137,67.57,52,94,5.3,US,2022-04-16 03:50:35
489,Leh,34.1667,77.5833,39.2,46,85,2.1,IN,2022-04-16 03:46:33
490,Chabahar,25.2919,60.643,83.3,65,69,4.36,IR,2022-04-16 03:50:35
491,Baoning,25.3378,110.026,55.26,94,100,6.71,CN,2022-04-16 03:50:36
492,Kranuan,16.7067,103.0788,99.52,27,2,9.75,TH,2022-04-16 03:50:36
493,Banepa,27.6298,85.5214,71.92,38,20,3.44,NP,2022-04-16 03:50:36
494,San Patricio,28.017,-97.5169,75.07,93,69,10.29,US,2022-04-16 03:50:37
495,Katherine,-14.4667,132.2667,95.32,34,40,13.8,AU,2022-04-16 03:50:37
496,Noumea,-22.2763,166.4572,82.99,99,7,15.84,NC,2022-04-16 03:50:31
497,Lakes Entrance,-37.8811,147.981,69.53,57,4,5.73,AU,2022-04-16 03:50:38
498,Westport,41.1415,-73.3579,58.28,54,0,21.85,US,2022-04-16 03:50:38
499,Zhengjiatun,43.5064,123.5064,62.71,19,0,13.2,CN,2022-04-16 03:50:38
500,Stromness,58.965,-3.296,46.36,92,98,11.99,GB,2022-04-16 03:50:39
501,Fare,-16.7,-151.0167,81.88,70,0,16.24,PF,2022-04-16 03:47:11
502,Dubbo,-32.25,148.6167,75.33,38,40,4.61,AU,2022-04-16 03:50:39
503,Columbus,39.9612,-82.9988,61.32,40,100,19.57,US,2022-04-16 03:46:52
504,Beian,63.6559,9.5683,44.01,87,75,5.75,NO,2022-04-16 03:50:40
505,Ambovombe,-25.1667,46.0833,74.64,82,56,3.33,MG,2022-04-16 03:50:40
506,Lodja,-3.4833,23.4333,69.17,100,100,1.66,CD,2022-04-16 03:50:40
507,Aras,42.5617,-2.356,48.61,82,0,10.36,ES,2022-04-16 03:50:41
508,Omboue,-1.5746,9.2618,76.95,91,100,3.06,GA,2022-04-16 03:50:41
509,Limuru,-1.1,36.65,53.64,91,100,3.09,KE,2022-04-16 03:50:41
510,Conde,-7.2597,-34.9075,78.26,94,40,3.44,BR,2022-04-16 03:49:21
511,Miles City,46.4083,-105.8406,22.17,79,75,9.22,US,2022-04-16 03:50:42
512,Zhangye,38.9342,100.4517,47.64,30,100,14.43,CN,2022-04-16 03:50:42
513,Hinton,53.4001,-117.5857,19.87,90,100,2.86,CA,2022-04-16 03:50:43
514,Lucea,18.451,-78.1736,78.66,78,1,3.29,JM,2022-04-16 03:50:43
515,Aojiang,22.9421,116.0359,68.47,59,76,19.53,CN,2022-04-16 03:50:44
516,Takoradi,4.8845,-1.7554,79.18,84,100,5.7,GH,2022-04-16 03:50:44
517,Mandera,3.9366,41.867,80.69,70,87,6.24,KE,2022-04-16 03:50:44
518,Porto Belo,-27.1578,-48.5531,63.25,81,4,7.2,BR,2022-04-16 03:50:45
519,Coari,-4.085,-63.1414,73.17,98,100,4.45,BR,2022-04-16 03:50:45
520,Necochea,-38.5473,-58.7368,53.62,69,4,9.53,AR,2022-04-16 03:50:46
521,Spornoye,50.8448,37.2913,47.95,79,91,13.09,RU,2022-04-16 03:50:46
522,Ijui,-28.3878,-53.9147,55.42,90,0,6.76,BR,2022-04-16 03:50:47
523,Turayf,31.6725,38.6637,52.05,35,75,4.61,SA,2022-04-16 03:50:47
524,Barcelos,41.5388,-8.6151,56.91,91,76,2.84,PT,2022-04-16 03:50:47
525,Batemans Bay,-35.7167,150.1833,73.09,55,87,5.44,AU,2022-04-16 03:50:48
526,Nome,64.5011,-165.4064,33.87,80,100,21.85,US,2022-04-16 03:48:30
527,Sayansk,54.1088,102.1648,49.37,46,92,10.96,RU,2022-04-16 03:50:48
528,Sinnamary,5.3833,-52.95,77.63,88,100,10.54,GF,2022-04-16 03:50:49
529,Kanye,-24.9667,25.3327,57.06,85,100,10.09,BW,2022-04-16 03:50:49
530,Mokhsogollokh,61.4681,128.9203,33.78,65,98,3.02,RU,2022-04-16 03:50:49
531,Oranjemund,-28.55,16.4333,55.18,74,0,7.9,NA,2022-04-16 03:50:50
532,Gigmoto,13.7796,124.39,84.24,65,67,4.52,PH,2022-04-16 03:50:50
533,Kilindoni,-7.9139,39.6668,81.37,81,100,14.94,TZ,2022-04-16 03:50:51
534,Dmitriyevka,54.75,55.3333,36.95,82,100,13.85,RU,2022-04-16 03:50:51
535,Gogrial,8.5332,28.1004,77.9,64,99,4.94,SS,2022-04-16 03:50:52
536,Zhirnovsk,50.9845,44.7735,46.45,71,87,4.5,RU,2022-04-16 03:50:52
537,San Cristobal,7.7669,-72.225,71.78,84,99,2.68,VE,2022-04-16 03:50:52
538,Gravdal,68.1214,13.5031,41.16,95,100,23.4,NO,2022-04-16 03:50:53
539,Chapais,49.7834,-74.8492,29.98,97,100,8.19,CA,2022-04-16 03:50:53
540,Mayor Pablo Lagerenza,-19.9309,-60.7718,68.09,39,74,4.83,PY,2022-04-16 03:50:53
541,Candolim,15.5181,73.7626,84.2,79,40,5.75,IN,2022-04-16 03:50:54
542,Calbuco,-41.768,-73.1273,51.01,89,1,6.26,CL,2022-04-16 03:46:36
543,Stara Zagora,42.4328,25.6419,49.89,80,96,1.39,BG,2022-04-16 03:47:13
544,Kiunga,-6.1219,141.2906,93.43,50,87,0.25,PG,2022-04-16 03:50:54
545,Umaria,23.5333,80.8333,95.63,12,2,7.36,IN,2022-04-16 03:50:55
546,Alyangula,-13.8483,136.4192,87.67,70,40,12.66,AU,2022-04-16 03:50:55
547,Goderich,43.7501,-81.7165,38.91,75,100,12.66,CA,2022-04-16 03:50:56
548,Gazanjyk,39.2446,55.5154,58.62,45,6,8.32,TM,2022-04-16 03:50:56
549,Nautla,20.2167,-96.7833,77.49,91,83,11.65,MX,2022-04-16 03:50:56
550,Leninskoye,41.7589,69.3864,72.14,35,50,1.7,KZ,2022-04-16 03:50:57
551,Lancaster,40.2504,-76.2499,58.5,46,0,16.11,US,2022-04-16 03:50:57
552,Kango,0.1943,10.0951,74.64,97,100,1.43,GA,2022-04-16 03:50:58
553,Grindavik,63.8424,-22.4338,46.87,93,100,36.82,IS,2022-04-16 03:50:58
554,Bafq,31.6128,55.4107,75.87,25,59,1.68,IR,2022-04-16 03:50:58
555,Nabire,-3.3667,135.4833,84.11,77,87,5.32,ID,2022-04-16 03:50:59
556,Fandriana,-20.2333,47.3833,61.75,90,93,1.23,MG,2022-04-16 03:50:59
557,Itacoatiara,-3.1431,-58.4442,73.45,98,100,2.28,BR,2022-04-16 03:50:59
558,Laela,-8.5667,32.05,58.35,95,90,1.28,TZ,2022-04-16 03:51:00
559,Broken Hill,-31.95,141.4333,80.31,24,0,9.22,AU,2022-04-16 03:51:00
560,Bengkulu,-3.8004,102.2655,84.97,64,100,4.21,ID,2022-04-16 03:51:01
561,Grand Gaube,-20.0064,57.6608,77.4,84,81,7.0,MU,2022-04-16 03:51:01
562,Nazarovo,56.0064,90.3914,49.28,66,97,6.58,RU,2022-04-16 03:51:02
563,Iqaluit,63.7506,-68.5145,-2.47,71,20,6.91,CA,2022-04-16 03:51:02
564,Rio Verde De Mato Grosso,-18.9181,-54.8442,68.49,75,1,7.83,BR,2022-04-16 03:51:02
565,Tigil,57.8,158.6667,29.41,85,99,11.74,RU,2022-04-16 03:51:03
